,home_own_rent_total,census_tract,owner_occupied_percentage_total,renter_occupied_percentage_total
"Census Tract 78.01, Adams County, Colorado","1,191",08001007801,0.11335012594458438,0.8866498740554156
"Census Tract 78.02, Adams County, Colorado","1,240",08001007802,0.12661290322580646,0.8733870967741936
"Census Tract 79, Adams County, Colorado","1,780",08001007900,0.300561797752809,0.699438202247191
"Census Tract 80, Adams County, Colorado","1,726",08001008000,0.5753186558516802,0.4246813441483198
"Census Tract 81, Adams County, Colorado",314,08001008100,0.11464968152866242,0.8853503184713376
"Census Tract 82, Adams County, Colorado","1,477",08001008200,0.7522004062288422,0.24779959377115776
"Census Tract 83.08, Adams County, Colorado","1,802",08001008308,0.5133185349611543,0.48668146503884574
"Census Tract 83.09, Adams County, Colorado","1,030",08001008309,0.6922330097087379,0.30776699029126214
"Census Tract 83.53, Adams County, Colorado","2,137",08001008353,0.7941038839494619,0.20589611605053815
"Census Tract 84.01, Adams County, Colorado","1,543",08001008401,0.8023331173039533,0.19766688269604665
"Census Tract 84.02, Adams County, Colorado","1,574",08001008402,0.8119440914866582,0.1880559085133418
"Census Tract 85.05, Adams County, Colorado","2,376",08001008505,0.8085016835016835,0.1914983164983165
"Census Tract 85.06, Adams County, Colorado","2,425",08001008506,0.20247422680412372,0.7975257731958763
"Census Tract 85.07, Adams County, Colorado","2,036",08001008507,0.8403732809430255,0.15962671905697445
"Census Tract 85.08, Adams County, Colorado","1,893",08001008508,0.7152667723190702,0.28473322768092973
"Census Tract 85.23, Adams County, Colorado","2,610",08001008523,0.8509578544061303,0.14904214559386972
"Census Tract 85.24, Adams County, Colorado","2,462",08001008524,0.9151096669374492,0.08489033306255077
"Census Tract 85.26, Adams County, Colorado","2,410",08001008526,0.8195020746887967,0.18049792531120332
"Census Tract 85.29, Adams County, Colorado","3,308",08001008529,0.37817412333736394,0.621825876662636
"Census Tract 85.33, Adams County, Colorado","2,976",08001008533,0.46303763440860213,0.5369623655913979
"Census Tract 85.34, Adams County, Colorado","1,399",08001008534,0.8799142244460328,0.12008577555396711
"Census Tract 85.35, Adams County, Colorado","1,111",08001008535,0.6894689468946895,0.31053105310531054
"Census Tract 85.36, Adams County, Colorado",832,08001008536,0.9014423076923077,0.0985576923076923
"Census Tract 85.37, Adams County, Colorado","1,858",08001008537,0.907427341227126,0.09257265877287406
"Census Tract 85.38, Adams County, Colorado","1,773",08001008538,0.8956570783981952,0.10434292160180485
"Census Tract 85.39, Adams County, Colorado","2,660",08001008539,0.8593984962406015,0.1406015037593985
"Census Tract 85.40, Adams County, Colorado","2,087",08001008540,0.934355534259703,0.06564446574029707
"Census Tract 85.41, Adams County, Colorado","1,500",08001008541,0.962,0.038
"Census Tract 85.42, Adams County, Colorado","2,227",08001008542,0.877413560844185,0.12258643915581499
"Census Tract 85.43, Adams County, Colorado","2,361",08001008543,0.7776365946632783,0.22236340533672172
"Census Tract 85.44, Adams County, Colorado","1,334",08001008544,0.9227886056971514,0.07721139430284858
"Census Tract 85.45, Adams County, Colorado","2,165",08001008545,0.9210161662817552,0.0789838337182448
"Census Tract 85.46, Adams County, Colorado","1,041",08001008546,0.8174831892411143,0.18251681075888568
"Census Tract 85.47, Adams County, Colorado","1,164",08001008547,0.6735395189003437,0.32646048109965636
"Census Tract 85.48, Adams County, Colorado",528,08001008548,0.8257575757575758,0.17424242424242425
"Census Tract 85.49, Adams County, Colorado","1,273",08001008549,0.835820895522388,0.16417910447761194
"Census Tract 85.50, Adams County, Colorado","2,662",08001008550,0.8752817430503381,0.1247182569496619
"Census Tract 85.51, Adams County, Colorado",183,08001008551,0.912568306010929,0.08743169398907104
"Census Tract 86.03, Adams County, Colorado",713,08001008603,0.4628330995792426,0.5371669004207573
"Census Tract 86.04, Adams County, Colorado","1,163",08001008604,0.6835769561478934,0.3164230438521066
"Census Tract 86.05, Adams County, Colorado","1,310",08001008605,0.6977099236641221,0.30229007633587784
"Census Tract 86.06, Adams County, Colorado","2,143",08001008606,0.4960335977601493,0.5039664022398507
"Census Tract 87.05, Adams County, Colorado","1,528",08001008705,0.5942408376963351,0.40575916230366493
"Census Tract 87.06, Adams County, Colorado","1,598",08001008706,0.5087609511889862,0.49123904881101377
"Census Tract 87.09, Adams County, Colorado","2,448",08001008709,0.4027777777777778,0.5972222222222222
"Census Tract 88.01, Adams County, Colorado","1,394",08001008801,0.6262553802008608,0.37374461979913914
"Census Tract 88.02, Adams County, Colorado","1,143",08001008802,0.6307961504811899,0.36920384951881013
"Census Tract 89.01, Adams County, Colorado",711,08001008901,0.6244725738396625,0.3755274261603376
"Census Tract 90.01, Adams County, Colorado","1,460",08001009001,0.6397260273972603,0.36027397260273974
"Census Tract 90.02, Adams County, Colorado","3,102",08001009002,0.6334622823984526,0.3665377176015474
"Census Tract 91.01, Adams County, Colorado","1,334",08001009101,0.7871064467766117,0.2128935532233883
"Census Tract 91.03, Adams County, Colorado","1,054",08001009103,0.8311195445920304,0.16888045540796964
"Census Tract 91.04, Adams County, Colorado","1,738",08001009104,0.7255466052934407,0.2744533947065593
"Census Tract 92.02, Adams County, Colorado","1,366",08001009202,0.6808199121522694,0.3191800878477306
"Census Tract 92.03, Adams County, Colorado","1,596",08001009203,0.05576441102756892,0.9442355889724311
"Census Tract 92.04, Adams County, Colorado","2,445",08001009204,0.5329243353783231,0.4670756646216769
"Census Tract 92.06, Adams County, Colorado",747,08001009206,0.8406961178045516,0.15930388219544847
"Census Tract 92.07, Adams County, Colorado","1,516",08001009207,0.5356200527704486,0.46437994722955145
"Census Tract 93.04, Adams County, Colorado","2,046",08001009304,0.6392961876832844,0.36070381231671556
"Census Tract 93.06, Adams County, Colorado","1,186",08001009306,0.8170320404721754,0.18296795952782463
"Census Tract 93.07, Adams County, Colorado","1,214",08001009307,0.5535420098846787,0.4464579901153213
"Census Tract 93.08, Adams County, Colorado","1,328",08001009308,0.5941265060240963,0.4058734939759036
"Census Tract 93.09, Adams County, Colorado","1,413",08001009309,0.5322009907997169,0.4677990092002831
"Census Tract 93.10, Adams County, Colorado","1,857",08001009310,0.5799676898222941,0.420032310177706
"Census Tract 93.16, Adams County, Colorado","2,011",08001009316,0.781700646444555,0.21829935355544505
"Census Tract 93.18, Adams County, Colorado","2,038",08001009318,0.40039254170755645,0.5996074582924436
"Census Tract 93.19, Adams County, Colorado",905,08001009319,0.5845303867403315,0.4154696132596685
"Census Tract 93.20, Adams County, Colorado","1,175",08001009320,0.4102127659574468,0.5897872340425532
"Census Tract 93.21, Adams County, Colorado","1,528",08001009321,0.5314136125654451,0.468586387434555
"Census Tract 93.22, Adams County, Colorado","1,525",08001009322,0.7127868852459016,0.2872131147540984
"Census Tract 93.23, Adams County, Colorado","1,455",08001009323,0.354639175257732,0.6453608247422681
"Census Tract 93.25, Adams County, Colorado","2,387",08001009325,0.5529953917050692,0.4470046082949309
"Census Tract 93.26, Adams County, Colorado","1,076",08001009326,0.7128252788104089,0.2871747211895911
"Census Tract 93.27, Adams County, Colorado","1,544",08001009327,0.7674870466321243,0.23251295336787564
"Census Tract 94.01, Adams County, Colorado","1,743",08001009401,0.7567412507171544,0.24325874928284566
"Census Tract 94.06, Adams County, Colorado","1,700",08001009406,0.6394117647058823,0.36058823529411765
"Census Tract 94.07, Adams County, Colorado","1,746",08001009407,0.6025200458190149,0.3974799541809851
"Census Tract 94.08, Adams County, Colorado","1,682",08001009408,0.7508917954815696,0.24910820451843044
"Census Tract 94.09, Adams County, Colorado","2,119",08001009409,0.7932987258140632,0.20670127418593676
"Census Tract 94.10, Adams County, Colorado","1,261",08001009410,0.9064234734337827,0.09357652656621729
"Census Tract 94.11, Adams County, Colorado","1,222",08001009411,0.6751227495908347,0.3248772504091653
"Census Tract 95.01, Adams County, Colorado","1,094",08001009501,0.5740402193784278,0.4259597806215722
"Census Tract 95.02, Adams County, Colorado","1,187",08001009502,0.7304128053917439,0.2695871946082561
"Census Tract 95.53, Adams County, Colorado","1,024",08001009553,0.58203125,0.41796875
"Census Tract 96.03, Adams County, Colorado","2,311",08001009603,0.44396365209865857,0.5560363479013414
"Census Tract 96.04, Adams County, Colorado","1,959",08001009604,0.45941807044410415,0.5405819295558959
"Census Tract 96.06, Adams County, Colorado","1,021",08001009606,0.3721841332027424,0.6278158667972575
"Census Tract 96.07, Adams County, Colorado","1,806",08001009607,0.43853820598006643,0.5614617940199336
"Census Tract 96.08, Adams County, Colorado","1,108",08001009608,0.855595667870036,0.1444043321299639
"Census Tract 97.51, Adams County, Colorado","1,341",08001009751,0.5555555555555556,0.4444444444444444
"Census Tract 97.52, Adams County, Colorado","1,021",08001009752,0.643486777668952,0.356513222331048
"Census Tract 150, Adams County, Colorado","1,051",08001001500,0.7145575642245481,0.285442435775452
"Census Tract 600, Adams County, Colorado","1,480",08001006000,0.9439189189189189,0.056081081081081084
"Census Tract 601, Adams County, Colorado","2,084",08001006010,0.9093090211132437,0.09069097888675624
"Census Tract 602, Adams County, Colorado","1,748",08001006020,0.39359267734553777,0.6064073226544623
"Census Tract 612, Adams County, Colorado",391,08001006120,0.8516624040920716,0.1483375959079284
"Census Tract 49.51, Arapahoe County, Colorado","1,069",08005004951,0.17492984097287184,0.8250701590271281
"Census Tract 49.52, Arapahoe County, Colorado","1,301",08005004952,0.02843966179861645,0.9715603382013835
"Census Tract 55.51, Arapahoe County, Colorado","1,064",08005005551,0.4567669172932331,0.543233082706767
"Census Tract 55.52, Arapahoe County, Colorado","1,022",08005005552,0.589041095890411,0.410958904109589
"Census Tract 55.53, Arapahoe County, Colorado","1,415",08005005553,0.5674911660777385,0.43250883392226147
"Census Tract 56.11, Arapahoe County, Colorado","1,896",08005005611,0.8285864978902954,0.17141350210970463
"Census Tract 56.12, Arapahoe County, Colorado","1,445",08005005612,0.6083044982698962,0.3916955017301038
"Census Tract 56.14, Arapahoe County, Colorado","1,269",08005005614,0.8778565799842396,0.12214342001576044
"Census Tract 56.19, Arapahoe County, Colorado","1,748",08005005619,0.8352402745995423,0.16475972540045766
"Census Tract 56.20, Arapahoe County, Colorado","1,627",08005005620,0.4603564843269822,0.5396435156730178
"Census Tract 56.21, Arapahoe County, Colorado","1,147",08005005621,0.8692240627724499,0.13077593722755013
"Census Tract 56.22, Arapahoe County, Colorado",921,08005005622,0.751357220412595,0.248642779587405
"Census Tract 56.23, Arapahoe County, Colorado","1,405",08005005623,0.9195729537366548,0.0804270462633452
"Census Tract 56.24, Arapahoe County, Colorado",797,08005005624,0.9422835633626098,0.05771643663739021
"Census Tract 56.25, Arapahoe County, Colorado","1,188",08005005625,0.797979797979798,0.20202020202020202
"Census Tract 56.26, Arapahoe County, Colorado","1,392",08005005626,0.8074712643678161,0.1925287356321839
"Census Tract 56.27, Arapahoe County, Colorado","1,763",08005005627,0.9109472490073738,0.0890527509926262
"Census Tract 56.28, Arapahoe County, Colorado","2,197",08005005628,0.7728720983158853,0.2271279016841147
"Census Tract 56.29, Arapahoe County, Colorado",798,08005005629,0.9761904761904762,0.023809523809523808
"Census Tract 56.30, Arapahoe County, Colorado","2,158",08005005630,0.871177015755329,0.12882298424467098
"Census Tract 56.31, Arapahoe County, Colorado","1,194",08005005631,0.9279731993299832,0.07202680067001675
"Census Tract 56.32, Arapahoe County, Colorado","1,155",08005005632,0.8225108225108225,0.1774891774891775
"Census Tract 56.33, Arapahoe County, Colorado","1,251",08005005633,0.7753796962430056,0.2246203037569944
"Census Tract 56.34, Arapahoe County, Colorado","1,587",08005005634,0.833648393194707,0.166351606805293
"Census Tract 56.35, Arapahoe County, Colorado","1,983",08005005635,0.8078668683812406,0.19213313161875945
"Census Tract 56.36, Arapahoe County, Colorado",653,08005005636,0.9632465543644717,0.036753445635528334
"Census Tract 57, Arapahoe County, Colorado","1,736",08005005700,0.3444700460829493,0.6555299539170507
"Census Tract 58, Arapahoe County, Colorado","1,186",08005005800,0.7411467116357504,0.2588532883642496
"Census Tract 59.51, Arapahoe County, Colorado","2,285",08005005951,0.27308533916849015,0.7269146608315098
"Census Tract 59.52, Arapahoe County, Colorado","1,569",08005005952,0.3441682600382409,0.655831739961759
"Census Tract 60, Arapahoe County, Colorado","1,309",08005006000,0.4744079449961803,0.5255920550038197
"Census Tract 61, Arapahoe County, Colorado","1,294",08005006100,0.48299845440494593,0.5170015455950541
"Census Tract 62, Arapahoe County, Colorado","1,243",08005006200,0.7063555913113435,0.2936444086886565
"Census Tract 63, Arapahoe County, Colorado","1,158",08005006300,0.7512953367875648,0.24870466321243523
"Census Tract 64, Arapahoe County, Colorado","1,191",08005006400,0.5566750629722922,0.4433249370277078
"Census Tract 65.01, Arapahoe County, Colorado",995,08005006501,0.05829145728643216,0.9417085427135679
"Census Tract 65.02, Arapahoe County, Colorado","1,417",08005006502,0.565984474241355,0.43401552575864505
"Census Tract 66.01, Arapahoe County, Colorado","2,400",08005006601,0.25916666666666666,0.7408333333333333
"Census Tract 66.03, Arapahoe County, Colorado","1,342",08005006603,0.7078986587183308,0.29210134128166915
"Census Tract 66.04, Arapahoe County, Colorado","1,819",08005006604,0.41066520065970313,0.5893347993402969
"Census Tract 67.04, Arapahoe County, Colorado","1,451",08005006704,0.9607167470709855,0.039283252929014474
"Census Tract 67.05, Arapahoe County, Colorado",566,08005006705,0.9363957597173145,0.0636042402826855
"Census Tract 67.06, Arapahoe County, Colorado","1,992",08005006706,0.7690763052208835,0.23092369477911648
"Census Tract 67.07, Arapahoe County, Colorado","1,804",08005006707,0.8364745011086474,0.16352549889135254
"Census Tract 67.08, Arapahoe County, Colorado","1,930",08005006708,0.8088082901554404,0.19119170984455958
"Census Tract 67.09, Arapahoe County, Colorado","1,971",08005006709,0.8944698122780315,0.10553018772196854
"Census Tract 67.11, Arapahoe County, Colorado","1,421",08005006711,0.9373680506685432,0.06263194933145672
"Census Tract 67.12, Arapahoe County, Colorado",454,08005006712,0.9052863436123348,0.0947136563876652
"Census Tract 67.13, Arapahoe County, Colorado",713,08005006713,0.0070126227208976155,0.9929873772791024
"Census Tract 68.08, Arapahoe County, Colorado","1,799",08005006808,0.9494163424124513,0.05058365758754864
"Census Tract 68.15, Arapahoe County, Colorado","1,712",08005006815,0.4889018691588785,0.5110981308411215
"Census Tract 68.54, Arapahoe County, Colorado","1,054",08005006854,0.5018975332068312,0.4981024667931689
"Census Tract 68.55, Arapahoe County, Colorado","1,856",08005006855,0.8335129310344828,0.16648706896551724
"Census Tract 68.56, Arapahoe County, Colorado","2,975",08005006856,0.39865546218487397,0.6013445378151261
"Census Tract 68.57, Arapahoe County, Colorado",844,08005006857,0.9063981042654028,0.09360189573459715
"Census Tract 68.58, Arapahoe County, Colorado","2,414",08005006858,0.19718309859154928,0.8028169014084507
"Census Tract 71.01, Arapahoe County, Colorado","1,874",08005007101,0.8030949839914621,0.19690501600853788
"Census Tract 71.03, Arapahoe County, Colorado",548,08005007103,0.9616788321167883,0.03832116788321168
"Census Tract 71.04, Arapahoe County, Colorado","1,458",08005007104,0.7002743484224966,0.2997256515775034
"Census Tract 71.05, Arapahoe County, Colorado","1,123",08005007105,0.8753339269813001,0.1246660730186999
"Census Tract 71.06, Arapahoe County, Colorado","1,389",08005007106,0.9114470842332614,0.08855291576673865
"Census Tract 71.07, Arapahoe County, Colorado","1,444",08005007107,0.7513850415512465,0.24861495844875348
"Census Tract 72.01, Arapahoe County, Colorado","1,214",08005007201,0.37891268533772654,0.6210873146622735
"Census Tract 72.02, Arapahoe County, Colorado","1,259",08005007202,0.40428911834789516,0.5957108816521048
"Census Tract 73.01, Arapahoe County, Colorado",956,08005007301,0.2395397489539749,0.7604602510460251
"Census Tract 73.02, Arapahoe County, Colorado","1,735",08005007302,0.16023054755043228,0.8397694524495677
"Census Tract 74, Arapahoe County, Colorado","1,546",08005007400,0.6054333764553687,0.3945666235446313
"Census Tract 75, Arapahoe County, Colorado",764,08005007500,0.6767015706806283,0.32329842931937175
"Census Tract 76, Arapahoe County, Colorado","1,212",08005007600,0.42244224422442245,0.5775577557755776
"Census Tract 77.02, Arapahoe County, Colorado","1,525",08005007702,0.5554098360655738,0.44459016393442624
"Census Tract 77.03, Arapahoe County, Colorado","1,585",08005007703,0.45488958990536277,0.5451104100946372
"Census Tract 77.04, Arapahoe County, Colorado","1,902",08005007704,0.4001051524710831,0.599894847528917
"Census Tract 151, Arapahoe County, Colorado","1,017",08005001510,0.9105211406096362,0.08947885939036382
"Census Tract 800, Arapahoe County, Colorado","1,270",08005008000,0.5149606299212598,0.48503937007874015
"Census Tract 801, Arapahoe County, Colorado","1,842",08005008010,0.4495114006514658,0.5504885993485342
"Census Tract 802, Arapahoe County, Colorado","1,917",08005008020,0.695357329160146,0.3046426708398539
"Census Tract 803, Arapahoe County, Colorado","2,296",08005008030,0.6920731707317073,0.3079268292682927
"Census Tract 804, Arapahoe County, Colorado","1,965",08005008040,0.8213740458015267,0.17862595419847327
"Census Tract 805, Arapahoe County, Colorado","1,550",08005008050,0.7129032258064516,0.2870967741935484
"Census Tract 806, Arapahoe County, Colorado","1,875",08005008060,0.4069333333333333,0.5930666666666666
"Census Tract 807, Arapahoe County, Colorado","1,873",08005008070,0.596369460758142,0.403630539241858
"Census Tract 808, Arapahoe County, Colorado",849,08005008080,0.5971731448763251,0.4028268551236749
"Census Tract 809, Arapahoe County, Colorado","1,322",08005008090,0.7995461422087746,0.2004538577912254
"Census Tract 810, Arapahoe County, Colorado","2,371",08005008100,0.322648671446647,0.677351328553353
"Census Tract 811, Arapahoe County, Colorado","2,487",08005008110,0.2637716123843989,0.7362283876156012
"Census Tract 812, Arapahoe County, Colorado","1,858",08005008120,0.5177610333692142,0.4822389666307858
"Census Tract 813, Arapahoe County, Colorado","1,049",08005008130,0.6387035271687321,0.36129647283126787
"Census Tract 814, Arapahoe County, Colorado","1,521",08005008140,0.7810650887573964,0.21893491124260356
"Census Tract 815, Arapahoe County, Colorado","2,199",08005008150,0.834924965893588,0.165075034106412
"Census Tract 816, Arapahoe County, Colorado","1,807",08005008160,0.7255118981737687,0.27448810182623135
"Census Tract 817, Arapahoe County, Colorado",939,08005008170,0.9499467518636848,0.05005324813631523
"Census Tract 818, Arapahoe County, Colorado","1,552",08005008180,0.5167525773195877,0.4832474226804124
"Census Tract 819, Arapahoe County, Colorado","2,309",08005008190,0.46556951061065394,0.534430489389346
"Census Tract 820, Arapahoe County, Colorado","1,775",08005008200,0.17971830985915493,0.8202816901408451
"Census Tract 821, Arapahoe County, Colorado","2,405",08005008210,0.40124740124740127,0.5987525987525988
"Census Tract 822, Arapahoe County, Colorado","2,157",08005008220,0.656003708854891,0.34399629114510893
"Census Tract 823, Arapahoe County, Colorado","1,402",08005008230,0.6098430813124108,0.39015691868758917
"Census Tract 824, Arapahoe County, Colorado","1,538",08005008240,0.6079323797139142,0.3920676202860858
"Census Tract 825, Arapahoe County, Colorado",760,08005008250,0.8447368421052631,0.15526315789473685
"Census Tract 826, Arapahoe County, Colorado","2,096",08005008260,0.5104961832061069,0.48950381679389315
"Census Tract 827, Arapahoe County, Colorado","1,183",08005008270,0.8461538461538461,0.15384615384615385
"Census Tract 828, Arapahoe County, Colorado","1,846",08005008280,0.7827735644637053,0.2172264355362947
"Census Tract 829, Arapahoe County, Colorado","1,663",08005008290,0.814792543595911,0.185207456404089
"Census Tract 830, Arapahoe County, Colorado","1,140",08005008300,0.9096491228070176,0.09035087719298246
"Census Tract 831, Arapahoe County, Colorado","2,518",08005008310,0.6981731532962668,0.3018268467037331
"Census Tract 832, Arapahoe County, Colorado","2,672",08005008320,0.8880988023952096,0.11190119760479042
"Census Tract 833, Arapahoe County, Colorado","1,771",08005008330,0.8407679277244494,0.15923207227555053
"Census Tract 834, Arapahoe County, Colorado","2,151",08005008340,0.8712226871222687,0.12877731287773128
"Census Tract 835, Arapahoe County, Colorado","1,964",08005008350,0.5819755600814664,0.4180244399185336
"Census Tract 836, Arapahoe County, Colorado","1,673",08005008360,0.5397489539748954,0.4602510460251046
"Census Tract 837, Arapahoe County, Colorado","1,678",08005008370,0.7210965435041716,0.2789034564958284
"Census Tract 838, Arapahoe County, Colorado","1,113",08005008380,0.7762803234501348,0.22371967654986524
"Census Tract 839, Arapahoe County, Colorado","1,552",08005008390,0.5521907216494846,0.4478092783505155
"Census Tract 840, Arapahoe County, Colorado",777,08005008400,0.7915057915057915,0.2084942084942085
"Census Tract 841, Arapahoe County, Colorado","1,576",08005008410,0.7480964467005076,0.2519035532994924
"Census Tract 842, Arapahoe County, Colorado","1,304",08005008420,0.7469325153374233,0.25306748466257667
"Census Tract 843, Arapahoe County, Colorado","1,177",08005008430,0.8360237892948174,0.16397621070518267
"Census Tract 844, Arapahoe County, Colorado","1,030",08005008440,0.7932038834951456,0.20679611650485438
"Census Tract 845, Arapahoe County, Colorado","1,207",08005008450,0.3148301574150787,0.6851698425849213
"Census Tract 846, Arapahoe County, Colorado","1,967",08005008460,0.6263345195729537,0.3736654804270463
"Census Tract 847, Arapahoe County, Colorado","1,689",08005008470,0.8229721728833629,0.17702782711663706
"Census Tract 848, Arapahoe County, Colorado","1,164",08005008480,0.8874570446735395,0.11254295532646048
"Census Tract 849, Arapahoe County, Colorado","1,013",08005008490,0.9644619940769991,0.035538005923000986
"Census Tract 850, Arapahoe County, Colorado",606,08005008500,0.6303630363036303,0.3696369636963696
"Census Tract 851, Arapahoe County, Colorado","1,907",08005008510,0.9313057157839538,0.06869428421604615
"Census Tract 852, Arapahoe County, Colorado",898,08005008520,0.9565701559020044,0.043429844097995544
"Census Tract 853, Arapahoe County, Colorado",893,08005008530,0.6763717805151176,0.3236282194848824
"Census Tract 854, Arapahoe County, Colorado","1,381",08005008540,0.9145546705286025,0.08544532947139753
"Census Tract 855, Arapahoe County, Colorado","1,706",08005008550,0.9103165298944901,0.08968347010550996
"Census Tract 856, Arapahoe County, Colorado",990,08005008560,0.9434343434343434,0.05656565656565657
"Census Tract 857, Arapahoe County, Colorado","1,738",08005008570,0.739355581127733,0.26064441887226697
"Census Tract 858, Arapahoe County, Colorado",617,08005008580,0.8152350081037277,0.1847649918962723
"Census Tract 859, Arapahoe County, Colorado",975,08005008590,0.9148717948717948,0.08512820512820513
"Census Tract 860, Arapahoe County, Colorado","2,419",08005008600,0.7718065316246383,0.22819346837536172
"Census Tract 861, Arapahoe County, Colorado","1,492",08005008610,0.8766756032171582,0.12332439678284182
"Census Tract 862, Arapahoe County, Colorado","1,798",08005008620,0.8937708565072302,0.10622914349276974
"Census Tract 863, Arapahoe County, Colorado","1,521",08005008630,0.5726495726495726,0.42735042735042733
"Census Tract 864, Arapahoe County, Colorado",693,08005008640,0.9567099567099567,0.04329004329004329
"Census Tract 865, Arapahoe County, Colorado","1,889",08005008650,0.6379036527263102,0.3620963472736898
"Census Tract 866, Arapahoe County, Colorado","1,916",08005008660,0.8956158663883089,0.10438413361169102
"Census Tract 867, Arapahoe County, Colorado","1,067",08005008670,0.9615745079662605,0.038425492033739454
"Census Tract 868, Arapahoe County, Colorado","2,989",08005008680,0.39243894279023084,0.6075610572097692
"Census Tract 869, Arapahoe County, Colorado","1,330",08005008690,0.19924812030075187,0.8007518796992481
"Census Tract 870, Arapahoe County, Colorado","2,161",08005008700,0.21517815826006478,0.7848218417399352
"Census Tract 871, Arapahoe County, Colorado","1,387",08005008710,0.30785868781542897,0.692141312184571
"Census Tract 872, Arapahoe County, Colorado","1,832",08005008720,0.32532751091703055,0.6746724890829694
"Census Tract 873, Arapahoe County, Colorado","3,098",08005008730,0.1881859264041317,0.8118140735958683
"Census Tract 1.02, Denver County, Colorado","1,497",08031001020,0.6933867735470942,0.3066132264529058
"Census Tract 2.01, Denver County, Colorado","1,416",08031002010,0.7358757062146892,0.2641242937853107
"Census Tract 2.02, Denver County, Colorado","1,505",08031002020,0.6166112956810631,0.3833887043189369
"Census Tract 3.01, Denver County, Colorado","2,552",08031003010,0.6077586206896551,0.3922413793103448
"Census Tract 3.02, Denver County, Colorado","2,018",08031003020,0.6412289395441031,0.3587710604558969
"Census Tract 3.03, Denver County, Colorado","2,238",08031003030,0.6126005361930295,0.3873994638069705
"Census Tract 4.01, Denver County, Colorado","1,365",08031004010,0.5721611721611721,0.4278388278388278
"Census Tract 4.02, Denver County, Colorado","2,610",08031004020,0.4731800766283525,0.5268199233716475
"Census Tract 5.01, Denver County, Colorado",901,08031005010,0.7103218645948945,0.28967813540510545
"Census Tract 5.02, Denver County, Colorado","2,598",08031005020,0.4926866820631255,0.5073133179368745
"Census Tract 6, Denver County, Colorado","1,182",08031006000,0.3197969543147208,0.6802030456852792
"Census Tract 7.01, Denver County, Colorado","1,737",08031007010,0.29533678756476683,0.7046632124352331
"Census Tract 7.02, Denver County, Colorado","1,966",08031007020,0.22583926754832145,0.7741607324516785
"Census Tract 8, Denver County, Colorado",451,08031008000,0.04212860310421286,0.9578713968957872
"Census Tract 9.02, Denver County, Colorado","1,704",08031009020,0.6789906103286385,0.3210093896713615
"Census Tract 9.03, Denver County, Colorado","1,782",08031009030,0.5622895622895623,0.4377104377104377
"Census Tract 9.04, Denver County, Colorado","1,681",08031009040,0.3075550267697799,0.6924449732302201
"Census Tract 9.05, Denver County, Colorado","1,138",08031009050,0.5869947275922671,0.4130052724077329
"Census Tract 10, Denver County, Colorado","1,180",08031001000,0.45084745762711864,0.5491525423728814
"Census Tract 11.01, Denver County, Colorado",911,08031001101,0.5027442371020856,0.4972557628979144
"Census Tract 11.02, Denver County, Colorado","1,521",08031001102,0.4017094017094017,0.5982905982905983
"Census Tract 13.01, Denver County, Colorado","1,529",08031001301,0.6154349247874428,0.38456507521255723
"Census Tract 13.02, Denver County, Colorado","1,252",08031001302,0.6381789137380192,0.36182108626198084
"Census Tract 14.01, Denver County, Colorado","1,971",08031001401,0.4682902080162354,0.5317097919837646
"Census Tract 14.02, Denver County, Colorado","1,353",08031001402,0.5661492978566149,0.43385070214338506
"Census Tract 14.03, Denver County, Colorado","1,044",08031001403,0.43103448275862066,0.5689655172413793
"Census Tract 15, Denver County, Colorado","1,040",08031001500,0.44711538461538464,0.5528846153846154
"Census Tract 16, Denver County, Colorado","3,771",08031001600,0.230177671705118,0.769822328294882
"Census Tract 17.01, Denver County, Colorado","3,070",08031001701,0.3996742671009772,0.6003257328990228
"Census Tract 17.02, Denver County, Colorado","2,363",08031001702,0.1637748624629708,0.8362251375370292
"Census Tract 18, Denver County, Colorado","1,727",08031001800,0.2872032426172554,0.7127967573827446
"Census Tract 19.01, Denver County, Colorado","1,014",08031001901,0.26232741617357,0.73767258382643
"Census Tract 19.02, Denver County, Colorado",60,08031001902,0.65,0.35
"Census Tract 20, Denver County, Colorado","1,140",08031002000,0.2578947368421053,0.7421052631578947
"Census Tract 21, Denver County, Colorado","2,447",08031002100,0.443400081732734,0.5565999182672661
"Census Tract 23, Denver County, Colorado","1,993",08031002300,0.57451078775715,0.42548921224284997
"Census Tract 24.02, Denver County, Colorado",818,08031002402,0.40464547677261614,0.5953545232273839
"Census Tract 24.03, Denver County, Colorado","1,817",08031002403,0.31645569620253167,0.6835443037974683
"Census Tract 26.01, Denver County, Colorado","2,165",08031002601,0.10438799076212471,0.8956120092378753
"Census Tract 26.02, Denver County, Colorado","1,686",08031002602,0.22538552787663108,0.7746144721233689
"Census Tract 27.01, Denver County, Colorado","3,538",08031002701,0.12379875635952516,0.8762012436404748
"Census Tract 27.02, Denver County, Colorado","3,775",08031002702,0.29456953642384104,0.7054304635761589
"Census Tract 27.03, Denver County, Colorado","3,543",08031002703,0.18571831780976575,0.8142816821902342
"Census Tract 28.01, Denver County, Colorado","1,598",08031002801,0.4374217772215269,0.5625782227784731
"Census Tract 28.02, Denver County, Colorado","2,683",08031002802,0.28512858740216174,0.7148714125978383
"Census Tract 28.03, Denver County, Colorado","3,023",08031002803,0.2322196493549454,0.7677803506450546
"Census Tract 29.01, Denver County, Colorado","1,472",08031002901,0.48641304347826086,0.5135869565217391
"Census Tract 29.02, Denver County, Colorado","1,893",08031002902,0.6661384046487058,0.3338615953512942
"Census Tract 30.01, Denver County, Colorado","2,677",08031003001,0.6477400074710497,0.3522599925289503
"Census Tract 30.02, Denver County, Colorado","1,293",08031003002,0.5003866976024749,0.49961330239752516
"Census Tract 30.03, Denver County, Colorado","1,151",08031003003,0.38748913987836664,0.6125108601216334
"Census Tract 30.04, Denver County, Colorado","2,608",08031003004,0.4486196319018405,0.5513803680981595
"Census Tract 31.01, Denver County, Colorado",761,08031003101,0.4664914586070959,0.533508541392904
"Census Tract 31.02, Denver County, Colorado","1,813",08031003102,0.21621621621621623,0.7837837837837838
"Census Tract 32.01, Denver County, Colorado","3,386",08031003201,0.2920850561134081,0.7079149438865918
"Census Tract 32.02, Denver County, Colorado","1,957",08031003202,0.28002043944813493,0.7199795605518651
"Census Tract 32.03, Denver County, Colorado","1,289",08031003203,0.8145849495733126,0.18541505042668735
"Census Tract 33, Denver County, Colorado","1,442",08031003300,0.6962552011095701,0.30374479889042993
"Census Tract 34.01, Denver County, Colorado","1,330",08031003401,0.7368421052631579,0.2631578947368421
"Census Tract 34.02, Denver County, Colorado","1,977",08031003402,0.8163884673748103,0.18361153262518967
"Census Tract 35, Denver County, Colorado","1,695",08031003500,0.479646017699115,0.5203539823008849
"Census Tract 36.01, Denver County, Colorado","1,595",08031003601,0.47335423197492166,0.5266457680250783
"Census Tract 36.02, Denver County, Colorado","1,457",08031003602,0.5394646533973919,0.4605353466026081
"Census Tract 36.03, Denver County, Colorado","1,381",08031003603,0.6154960173787111,0.38450398262128893
"Census Tract 37.01, Denver County, Colorado","1,645",08031003701,0.34285714285714286,0.6571428571428571
"Census Tract 37.02, Denver County, Colorado","2,699",08031003702,0.31641348647647277,0.6835865135235273
"Census Tract 37.03, Denver County, Colorado","1,583",08031003703,0.35881238155401135,0.6411876184459886
"Census Tract 38, Denver County, Colorado","3,542",08031003800,0.4723320158102767,0.5276679841897233
"Census Tract 39.01, Denver County, Colorado","2,126",08031003901,0.7953904045155221,0.20460959548447788
"Census Tract 39.02, Denver County, Colorado","1,771",08031003902,0.782608695652174,0.21739130434782608
"Census Tract 40.02, Denver County, Colorado","1,331",08031004002,0.8820435762584523,0.1179564237415477
"Census Tract 40.03, Denver County, Colorado","1,903",08031004003,0.7172884918549658,0.28271150814503415
"Census Tract 40.04, Denver County, Colorado",812,08031004004,0.8583743842364532,0.1416256157635468
"Census Tract 40.05, Denver County, Colorado","1,701",08031004005,0.23515579071134626,0.7648442092886537
"Census Tract 40.06, Denver County, Colorado","1,962",08031004006,0.5642201834862385,0.43577981651376146
"Census Tract 41.01, Denver County, Colorado","1,366",08031004101,0.39092240117130306,0.6090775988286969
"Census Tract 41.02, Denver County, Colorado","1,356",08031004102,0.549410029498525,0.4505899705014749
"Census Tract 41.03, Denver County, Colorado","2,087",08031004103,0.8687110685194058,0.13128893148059415
"Census Tract 41.04, Denver County, Colorado","1,772",08031004104,0.7629796839729119,0.23702031602708803
"Census Tract 41.06, Denver County, Colorado","2,441",08031004106,0.882425235559197,0.11757476444080295
"Census Tract 41.07, Denver County, Colorado","1,651",08031004107,0.6196244700181708,0.3803755299818292
"Census Tract 42.01, Denver County, Colorado","1,889",08031004201,0.7766013763896241,0.22339862361037585
"Census Tract 42.02, Denver County, Colorado","1,560",08031004202,0.8237179487179487,0.1762820512820513
"Census Tract 43.01, Denver County, Colorado","2,697",08031004301,0.3882091212458287,0.6117908787541713
"Census Tract 43.02, Denver County, Colorado","1,187",08031004302,0.7160909856781803,0.2839090143218197
"Census Tract 43.03, Denver County, Colorado","1,563",08031004303,0.9072296865003199,0.0927703134996801
"Census Tract 43.04, Denver County, Colorado","2,706",08031004304,0.6873614190687362,0.31263858093126384
"Census Tract 43.06, Denver County, Colorado","2,118",08031004306,0.6015108593012276,0.39848914069877245
"Census Tract 44.03, Denver County, Colorado","1,869",08031004403,0.4590690208667737,0.5409309791332263
"Census Tract 44.04, Denver County, Colorado","2,404",08031004404,0.24792013311148087,0.7520798668885191
"Census Tract 44.05, Denver County, Colorado","3,487",08031004405,0.4559793518784055,0.5440206481215945
"Census Tract 45.03, Denver County, Colorado","1,154",08031004503,0.44194107452339687,0.5580589254766031
"Census Tract 45.04, Denver County, Colorado","1,037",08031004504,0.5178399228543876,0.4821600771456123
"Census Tract 45.05, Denver County, Colorado","1,168",08031004505,0.4023972602739726,0.5976027397260274
"Census Tract 45.06, Denver County, Colorado",981,08031004506,0.39143730886850153,0.6085626911314985
"Census Tract 46.01, Denver County, Colorado","1,823",08031004601,0.7690619857377948,0.23093801426220514
"Census Tract 46.02, Denver County, Colorado","2,150",08031004602,0.4990697674418605,0.5009302325581395
"Census Tract 46.03, Denver County, Colorado","1,861",08031004603,0.708221386351424,0.29177861364857605
"Census Tract 47, Denver County, Colorado","2,129",08031004700,0.638327853452325,0.361672146547675
"Census Tract 48.01, Denver County, Colorado","1,043",08031004801,0.8830297219558965,0.11697027804410355
"Census Tract 50.01, Denver County, Colorado","1,026",08031005001,0.7144249512670565,0.2855750487329435
"Census Tract 50.02, Denver County, Colorado","3,281",08031005002,0.39164888753428834,0.6083511124657117
"Census Tract 51.02, Denver County, Colorado","1,545",08031005102,0.7669902912621359,0.23300970873786409
"Census Tract 51.04, Denver County, Colorado","1,503",08031005104,0.22954091816367264,0.7704590818363274
"Census Tract 52, Denver County, Colorado","1,361",08031005200,0.8471711976487877,0.15282880235121235
"Census Tract 53, Denver County, Colorado",606,08031005300,0.48514851485148514,0.5148514851485149
"Census Tract 55.02, Denver County, Colorado",582,08031005502,0.5567010309278351,0.44329896907216493
"Census Tract 55.03, Denver County, Colorado","1,777",08031005503,0.7934721440630276,0.20652785593697243
"Census Tract 67.01, Denver County, Colorado","1,323",08031006701,0.06802721088435375,0.9319727891156463
"Census Tract 68.04, Denver County, Colorado","1,225",08031006804,0.5681632653061225,0.43183673469387757
"Census Tract 68.09, Denver County, Colorado","3,518",08031006809,0.5372370665150654,0.46276293348493464
"Census Tract 68.10, Denver County, Colorado","2,500",08031006810,0.5884,0.4116
"Census Tract 68.11, Denver County, Colorado","3,210",08031006811,0.46448598130841123,0.5355140186915888
"Census Tract 68.12, Denver County, Colorado","1,716",08031006812,0.8205128205128205,0.1794871794871795
"Census Tract 68.13, Denver County, Colorado","2,296",08031006813,0.2421602787456446,0.7578397212543554
"Census Tract 68.14, Denver County, Colorado","2,098",08031006814,0.5052430886558628,0.4947569113441373
"Census Tract 69.01, Denver County, Colorado","2,762",08031006901,0.2889210716871832,0.7110789283128168
"Census Tract 70.06, Denver County, Colorado","2,261",08031007006,0.007518796992481203,0.9924812030075187
"Census Tract 70.13, Denver County, Colorado","1,785",08031007013,0.7434173669467787,0.25658263305322127
"Census Tract 70.37, Denver County, Colorado","1,538",08031007037,0.2555266579973992,0.7444733420026007
"Census Tract 70.88, Denver County, Colorado","2,310",08031007088,0.20216450216450216,0.7978354978354978
"Census Tract 70.89, Denver County, Colorado","3,400",08031007089,0.7023529411764706,0.29764705882352943
"Census Tract 83.04, Denver County, Colorado",873,08031008304,0.6827033218785796,0.3172966781214204
"Census Tract 83.05, Denver County, Colorado",910,08031008305,0.6296703296703297,0.37032967032967035
"Census Tract 83.06, Denver County, Colorado","1,618",08031008306,0.5043263288009888,0.4956736711990111
"Census Tract 83.12, Denver County, Colorado","1,981",08031008312,0.5800100959111559,0.419989904088844
"Census Tract 83.86, Denver County, Colorado","1,077",08031008386,0.7186629526462396,0.28133704735376047
"Census Tract 83.87, Denver County, Colorado","1,483",08031008387,0.7747808496291302,0.22521915037086987
"Census Tract 83.88, Denver County, Colorado","2,535",08031008388,0.4232741617357002,0.5767258382642998
"Census Tract 83.89, Denver County, Colorado","2,192",08031008389,0.8845802919708029,0.11541970802919709
"Census Tract 83.90, Denver County, Colorado","2,499",08031008390,0.7270908363345339,0.2729091636654662
"Census Tract 83.91, Denver County, Colorado","2,201",08031008391,0.8273512039981826,0.17264879600181735
"Census Tract 119.02, Denver County, Colorado","2,758",08031011902,0.4963741841914431,0.5036258158085569
"Census Tract 119.03, Denver County, Colorado",894,08031011903,0.7248322147651006,0.2751677852348993
"Census Tract 120.01, Denver County, Colorado",955,08031012001,0.7382198952879581,0.2617801047120419
"Census Tract 120.10, Denver County, Colorado","2,395",08031012010,0.6471816283924844,0.35281837160751567
"Census Tract 120.14, Denver County, Colorado","2,811",08031012014,0.6286019210245464,0.37139807897545357
"Census Tract 153, Denver County, Colorado","2,339",08031001530,0.24326635314236852,0.7567336468576314
"Census Tract 154, Denver County, Colorado","1,586",08031001540,0.6828499369482977,0.3171500630517024
"Census Tract 155, Denver County, Colorado","1,647",08031001550,0.10261080752884032,0.8973891924711597
"Census Tract 156, Denver County, Colorado","2,038",08031001560,0.4224730127576055,0.5775269872423945
"Census Tract 157, Denver County, Colorado","2,059",08031001570,0.4876153472559495,0.5123846527440505
"Census Tract 9800, Denver County, Colorado",509,08031009800,0.768172888015717,0.2318271119842829
"Census Tract 98.06, Jefferson County, Colorado","1,410",08059009806,0.9453900709219858,0.05460992907801419
"Census Tract 98.07, Jefferson County, Colorado",762,08059009807,0.6968503937007874,0.3031496062992126
"Census Tract 98.08, Jefferson County, Colorado","2,468",08059009808,0.7285251215559158,0.2714748784440843
"Census Tract 98.15, Jefferson County, Colorado","1,856",08059009815,0.8987068965517241,0.10129310344827586
"Census Tract 98.23, Jefferson County, Colorado","1,680",08059009823,0.8726190476190476,0.12738095238095237
"Census Tract 98.24, Jefferson County, Colorado","1,796",08059009824,0.856347438752784,0.14365256124721604
"Census Tract 98.27, Jefferson County, Colorado","2,387",08059009827,0.6577293674067868,0.3422706325932132
"Census Tract 98.28, Jefferson County, Colorado","2,115",08059009828,0.7900709219858156,0.2099290780141844
"Census Tract 98.29, Jefferson County, Colorado",657,08059009829,0.9208523592085236,0.0791476407914764
"Census Tract 98.30, Jefferson County, Colorado",972,08059009830,0.8045267489711934,0.19547325102880658
"Census Tract 98.31, Jefferson County, Colorado","1,217",08059009831,0.004108463434675432,0.9958915365653246
"Census Tract 98.32, Jefferson County, Colorado",942,08059009832,0.8184713375796179,0.18152866242038215
"Census Tract 98.33, Jefferson County, Colorado","2,325",08059009833,0.6688172043010753,0.3311827956989247
"Census Tract 98.34, Jefferson County, Colorado","1,992",08059009834,0.7374497991967871,0.26255020080321284
"Census Tract 98.35, Jefferson County, Colorado","1,397",08059009835,0.9305654974946314,0.06943450250536864
"Census Tract 98.36, Jefferson County, Colorado","1,372",08059009836,0.935131195335277,0.06486880466472303
"Census Tract 98.37, Jefferson County, Colorado",933,08059009837,0.9614147909967846,0.03858520900321544
"Census Tract 98.38, Jefferson County, Colorado","1,578",08059009838,0.9664131812420785,0.03358681875792142
"Census Tract 98.39, Jefferson County, Colorado",831,08059009839,0.9482551143200962,0.05174488567990373
"Census Tract 98.40, Jefferson County, Colorado","1,505",08059009840,0.7342192691029901,0.26578073089701
"Census Tract 98.41, Jefferson County, Colorado",836,08059009841,0.9066985645933014,0.09330143540669857
"Census Tract 98.42, Jefferson County, Colorado","1,055",08059009842,0.9383886255924171,0.061611374407582936
"Census Tract 98.43, Jefferson County, Colorado","2,978",08059009843,0.787441235728677,0.21255876427132303
"Census Tract 98.45, Jefferson County, Colorado","1,724",08059009845,0.9153132250580046,0.08468677494199536
"Census Tract 98.46, Jefferson County, Colorado","1,857",08059009846,0.8594507269789984,0.14054927302100162
"Census Tract 98.47, Jefferson County, Colorado","1,282",08059009847,0.8143525741029641,0.1856474258970359
"Census Tract 98.48, Jefferson County, Colorado","1,030",08059009848,0.7611650485436893,0.23883495145631067
"Census Tract 98.49, Jefferson County, Colorado","2,313",08059009849,0.6813661910938176,0.3186338089061824
"Census Tract 98.50, Jefferson County, Colorado","1,046",08059009850,0.8814531548757171,0.11854684512428298
"Census Tract 98.51, Jefferson County, Colorado","1,505",08059009851,0.9295681063122924,0.07043189368770764
"Census Tract 98.52, Jefferson County, Colorado","1,396",08059009852,0.913323782234957,0.08667621776504297
"Census Tract 99, Jefferson County, Colorado","1,113",08059009900,0.5220125786163522,0.4779874213836478
"Census Tract 100, Jefferson County, Colorado","1,253",08059001000,0.3479648842777334,0.6520351157222666
"Census Tract 101, Jefferson County, Colorado","1,986",08059001010,0.41842900302114805,0.581570996978852
"Census Tract 102.05, Jefferson County, Colorado",904,08059010205,0.8938053097345132,0.10619469026548672
"Census Tract 102.06, Jefferson County, Colorado","1,600",08059010206,0.774375,0.225625
"Census Tract 102.08, Jefferson County, Colorado","2,120",08059010208,0.8150943396226416,0.18490566037735848
"Census Tract 102.09, Jefferson County, Colorado","2,436",08059010209,0.7188013136288999,0.2811986863711002
"Census Tract 102.10, Jefferson County, Colorado","1,386",08059010210,0.7842712842712842,0.21572871572871574
"Census Tract 102.11, Jefferson County, Colorado","1,381",08059010211,0.5257060101375814,0.47429398986241855
"Census Tract 102.12, Jefferson County, Colorado","1,731",08059010212,0.6296938186019642,0.37030618139803584
"Census Tract 102.13, Jefferson County, Colorado","1,832",08059010213,0.7248908296943232,0.27510917030567683
"Census Tract 103.03, Jefferson County, Colorado","2,182",08059010303,0.7268560953253895,0.27314390467461047
"Census Tract 103.04, Jefferson County, Colorado","1,114",08059010304,0.7387791741472173,0.2612208258527828
"Census Tract 103.05, Jefferson County, Colorado","1,573",08059010305,0.5715193897012079,0.42848061029879214
"Census Tract 103.06, Jefferson County, Colorado","1,083",08059010306,0.716528162511542,0.283471837488458
"Census Tract 103.07, Jefferson County, Colorado","1,999",08059010307,0.42521260630315155,0.5747873936968484
"Census Tract 103.08, Jefferson County, Colorado","2,271",08059010308,0.7269925143108763,0.27300748568912375
"Census Tract 104.02, Jefferson County, Colorado","2,408",08059010402,0.42857142857142855,0.5714285714285714
"Census Tract 104.03, Jefferson County, Colorado","2,481",08059010403,0.36477226924627165,0.6352277307537283
"Census Tract 104.05, Jefferson County, Colorado","1,441",08059010405,0.13601665510062458,0.8639833448993754
"Census Tract 104.06, Jefferson County, Colorado",941,08059010406,0.620616365568544,0.3793836344314559
"Census Tract 105.02, Jefferson County, Colorado","2,258",08059010502,0.6678476527900797,0.33215234720992026
"Census Tract 105.03, Jefferson County, Colorado","1,977",08059010503,0.6555386949924128,0.34446130500758726
"Census Tract 105.04, Jefferson County, Colorado","1,256",08059010504,0.8678343949044586,0.1321656050955414
"Census Tract 106.03, Jefferson County, Colorado","1,510",08059010603,0.5794701986754967,0.4205298013245033
"Census Tract 106.04, Jefferson County, Colorado","1,043",08059010604,0.6251198465963567,0.37488015340364333
"Census Tract 107.01, Jefferson County, Colorado","1,974",08059010701,0.5167173252279635,0.48328267477203646
"Census Tract 107.02, Jefferson County, Colorado","2,258",08059010702,0.3906111603188663,0.6093888396811338
"Census Tract 108.01, Jefferson County, Colorado","1,092",08059010801,0.8351648351648352,0.16483516483516483
"Census Tract 109.01, Jefferson County, Colorado","2,009",08059010901,0.6276754604280737,0.37232453957192635
"Census Tract 109.02, Jefferson County, Colorado","1,077",08059010902,0.31197771587743733,0.6880222841225627
"Census Tract 110, Jefferson County, Colorado","2,279",08059001100,0.5467310223782361,0.45326897762176394
"Census Tract 111, Jefferson County, Colorado","2,676",08059001110,0.4413303437967115,0.5586696562032885
"Census Tract 112.02, Jefferson County, Colorado","1,706",08059011202,0.7784290738569754,0.22157092614302462
"Census Tract 113, Jefferson County, Colorado","1,439",08059001130,0.6108408617095205,0.3891591382904795
"Census Tract 114.01, Jefferson County, Colorado","1,122",08059011401,0.3449197860962567,0.6550802139037433
"Census Tract 114.02, Jefferson County, Colorado","1,774",08059011402,0.2818489289740699,0.7181510710259301
"Census Tract 115.50, Jefferson County, Colorado","2,692",08059011550,0.3640416047548291,0.6359583952451708
"Census Tract 116.01, Jefferson County, Colorado","1,341",08059011601,0.5108128262490679,0.4891871737509321
"Census Tract 116.02, Jefferson County, Colorado","1,512",08059011602,0.5972222222222222,0.4027777777777778
"Census Tract 117.01, Jefferson County, Colorado","1,948",08059011701,0.7695071868583162,0.23049281314168377
"Census Tract 117.02, Jefferson County, Colorado","2,199",08059011702,0.7999090495679855,0.20009095043201455
"Census Tract 117.08, Jefferson County, Colorado","1,607",08059011708,0.851897946484132,0.14810205351586808
"Census Tract 117.09, Jefferson County, Colorado","1,464",08059011709,0.6516393442622951,0.3483606557377049
"Census Tract 117.10, Jefferson County, Colorado","1,804",08059011710,0.6119733924611973,0.38802660753880264
"Census Tract 117.11, Jefferson County, Colorado","1,781",08059011711,0.6810780460415496,0.3189219539584503
"Census Tract 117.12, Jefferson County, Colorado","1,760",08059011712,0.9039772727272727,0.09602272727272727
"Census Tract 117.20, Jefferson County, Colorado","2,037",08059011720,0.8468335787923417,0.15316642120765833
"Census Tract 117.21, Jefferson County, Colorado","1,206",08059011721,0.6873963515754561,0.31260364842454397
"Census Tract 117.23, Jefferson County, Colorado","1,576",08059011723,0.3895939086294416,0.6104060913705583
"Census Tract 117.24, Jefferson County, Colorado","1,506",08059011724,0.9548472775564409,0.0451527224435591
"Census Tract 117.25, Jefferson County, Colorado",685,08059011725,0.9021897810218978,0.09781021897810219
"Census Tract 117.26, Jefferson County, Colorado","2,150",08059011726,0.9344186046511628,0.06558139534883721
"Census Tract 117.27, Jefferson County, Colorado","1,499",08059011727,0.8939292861907938,0.10607071380920614
"Census Tract 117.28, Jefferson County, Colorado","1,091",08059011728,0.8551787351054079,0.14482126489459213
"Census Tract 117.29, Jefferson County, Colorado","1,997",08059011729,0.4071106659989985,0.5928893340010015
"Census Tract 117.30, Jefferson County, Colorado","1,610",08059011730,0.5763975155279503,0.4236024844720497
"Census Tract 117.31, Jefferson County, Colorado","2,009",08059011731,0.3957192633150821,0.6042807366849179
"Census Tract 117.32, Jefferson County, Colorado","2,452",08059011732,0.2777324632952692,0.7222675367047309
"Census Tract 117.33, Jefferson County, Colorado",697,08059011733,0.5236728837876614,0.4763271162123386
"Census Tract 118.03, Jefferson County, Colorado","1,899",08059011803,0.6866771985255398,0.31332280147446023
"Census Tract 118.04, Jefferson County, Colorado","1,566",08059011804,0.8090676883780332,0.1909323116219668
"Census Tract 118.05, Jefferson County, Colorado","2,438",08059011805,0.13863822805578344,0.8613617719442166
"Census Tract 118.06, Jefferson County, Colorado","2,094",08059011806,0.5907354345749761,0.4092645654250239
"Census Tract 119.04, Jefferson County, Colorado",971,08059011904,0.6797116374871267,0.32028836251287335
"Census Tract 119.51, Jefferson County, Colorado","1,357",08059011951,0.7980840088430361,0.2019159911569639
"Census Tract 120.22, Jefferson County, Colorado","2,183",08059012022,0.864406779661017,0.13559322033898305
"Census Tract 120.23, Jefferson County, Colorado","1,259",08059012023,0.9110405083399523,0.08895949166004766
"Census Tract 120.24, Jefferson County, Colorado","1,860",08059012024,0.8994623655913978,0.10053763440860215
"Census Tract 120.26, Jefferson County, Colorado","1,470",08059012026,0.7639455782312925,0.23605442176870747
"Census Tract 120.27, Jefferson County, Colorado","1,219",08059012027,0.8334700574241182,0.16652994257588188
"Census Tract 120.30, Jefferson County, Colorado","1,526",08059012030,0.8138925294888598,0.18610747051114024
"Census Tract 120.31, Jefferson County, Colorado","1,481",08059012031,0.8960162052667117,0.10398379473328832
"Census Tract 120.32, Jefferson County, Colorado",997,08059012032,0.9037111334002006,0.09628886659979939
"Census Tract 120.33, Jefferson County, Colorado","1,168",08059012033,0.896404109589041,0.1035958904109589
"Census Tract 120.34, Jefferson County, Colorado","1,301",08059012034,0.973097617217525,0.026902382782475018
"Census Tract 120.35, Jefferson County, Colorado","1,791",08059012035,0.9754327191513121,0.024567280848687884
"Census Tract 120.36, Jefferson County, Colorado","1,324",08059012036,0.9569486404833837,0.04305135951661632
"Census Tract 120.37, Jefferson County, Colorado","1,385",08059012037,0.8989169675090253,0.10108303249097472
"Census Tract 120.38, Jefferson County, Colorado","1,167",08059012038,0.8997429305912596,0.10025706940874037
"Census Tract 120.39, Jefferson County, Colorado","1,926",08059012039,0.8265835929387332,0.17341640706126688
"Census Tract 120.41, Jefferson County, Colorado","2,018",08059012041,0.9122893954410307,0.08771060455896927
"Census Tract 120.42, Jefferson County, Colorado","1,355",08059012042,0.9416974169741698,0.05830258302583026
"Census Tract 120.43, Jefferson County, Colorado","1,879",08059012043,0.8866418307610431,0.11335816923895689
"Census Tract 120.44, Jefferson County, Colorado","1,454",08059012044,0.6121045392022009,0.3878954607977992
"Census Tract 120.45, Jefferson County, Colorado","2,178",08059012045,0.8461891643709826,0.15381083562901746
"Census Tract 120.46, Jefferson County, Colorado",824,08059012046,0.8810679611650486,0.11893203883495146
"Census Tract 120.47, Jefferson County, Colorado","1,619",08059012047,0.7547869054972205,0.2452130945027795
"Census Tract 120.48, Jefferson County, Colorado","1,068",08059012048,0.7574906367041199,0.24250936329588016
"Census Tract 120.49, Jefferson County, Colorado","1,344",08059012049,0.9516369047619048,0.04836309523809524
"Census Tract 120.50, Jefferson County, Colorado","1,703",08059012050,0.5196711685261304,0.4803288314738696
"Census Tract 120.51, Jefferson County, Colorado","1,266",08059012051,0.933649289099526,0.06635071090047394
"Census Tract 120.52, Jefferson County, Colorado","2,022",08059012052,0.8783382789317508,0.12166172106824925
"Census Tract 120.53, Jefferson County, Colorado","1,402",08059012053,0.9136947218259629,0.08630527817403709
"Census Tract 120.54, Jefferson County, Colorado","1,626",08059012054,0.7742927429274292,0.22570725707257072
"Census Tract 120.55, Jefferson County, Colorado","1,512",08059012055,0.83994708994709,0.16005291005291006
"Census Tract 120.57, Jefferson County, Colorado","2,499",08059012057,0.8415366146458584,0.15846338535414164
"Census Tract 120.58, Jefferson County, Colorado","1,545",08059012058,0.8653721682847897,0.13462783171521037
"Census Tract 120.59, Jefferson County, Colorado","1,099",08059012059,0.7807097361237488,0.21929026387625114
"Census Tract 120.60, Jefferson County, Colorado","1,334",08059012060,0.8305847076461769,0.16941529235382308
"Census Tract 158, Jefferson County, Colorado","1,729",08059001580,0.48235974551764027,0.5176402544823597
"Census Tract 159, Jefferson County, Colorado","1,397",08059001590,0.3271295633500358,0.6728704366499642
"Census Tract 603, Jefferson County, Colorado","1,584",08059006030,0.898989898989899,0.10101010101010101
"Census Tract 604, Jefferson County, Colorado","1,184",08059006040,0.8809121621621622,0.11908783783783784
"Census Tract 605, Jefferson County, Colorado","1,612",08059006050,0.6333746898263027,0.36662531017369726
